Evolução & Diversidade,Bioquímica & Genética,Biologia Celular,Fisiologia e Anatomia,Patologias
Bioinformática,Código genético,Macrófago,Eletrocardiograma,Infarto do miocárdio
Sopa primordial,Morganídeo,Membrana celular,Artéria aorta,Doença de Chagas
Mundo RNA,Ervilha,Citoplasma,Veia cava,Elefantíase
Auto-catálise,DNA recombinante,Mitose,Pericárdio,Diabetes
Atmosfera primitiva,DNA polimerase,Citoesqueleto,Válvula mitral,Esteatose hepática
Panspermia,Expressão gênica,Cloroplasto,Músculo estriado cardíaco,Metástase
Chaminés alcalinas,Fator de transcrição,Caderina,Átrio direito,Amebíase
Endosimbiose,Oncogene,Morfógeno,Bronquíolos,Toxoplasmose
Evo-devo,Adenina,Diferenciação celular,Ventilação,Malária
Complexidade,Epigenética,Apoptose,Troca gasosa,Artrite
Seleção natural,Histona,Parede celular,Diafragma,Anti-helmíntico
Seleçao artificial,Plasmideo,Peroxissomo,Cerebelo,Mebendazol
Homem de Neanderthal,Cromossomo Y,Endocitose,Neurônio piramidal,Obesidade
Altruísmo,RNA mensageiro,Miosina,H medular,Neoplasia
Cambriano,RNA de interferência,Autofagossomo,Reflexo espinhal,Icterícia
Multicelularidade,Mutação,Microtúbulos,Substância branca,Cálculo renal
Oxigênio,Drosophila,Lisossomo,Gânglio,E. coli
Água,Enzima de restrição,Complexo de Golgi,Axônios,Depressão
Alometria,PCR,Retículo endoplasmático,Glândula pineal,Doença de Alzheimer
Especie,Projeto Genoma Humano,Ribossomo,Progesterona,Doença celíaca
Especiação,Eletroforese,Núcleo celular,Células beta do pâncreas,Doença de Crohn
Filogenia,Metionina,Vacúolo,Córtex da adrenal,Trombose
Clado,Western Blot,Centrossomo,T4,Bacteriófago
Encefalização,Triptofano,Flagelo,GH,Dislexia
Homo erectus,Glicerol,Fase S,Folículo ovariano,Gripe
Vertebrados,Frutose,Ciclina,Célula caliciforme,Retrovírus
Carl Linnaeus,Transposon,CDK,Vesícula biliar,HIV
Conservação,Alfa hélice,Ubiquitinação,Duodeno,Infecção urinária
Astrobiologia,Estrutura quaternária,p53,Esfíncter,Dermatite
Herdabilidade,Oligossacarídeo,Adesão celular,Ácido hidroclorídrico,Oncovírus
LUCA (Last Universal Common Ancestor),Albumina,Wnt,Néfron,Cancer de Próstata
Charles Darwin,Ciclo de Krebs,TGF Beta,Glomérulo,Fibromialgia
Alfred Russel Wallace,Fosforilação oxidativa,Proteína G,Clearance,Varíola
Galápagos,Gradiente de prótons,Proteína kinase A,Renina,Lupus
Beagle,Gliconeogênese,cAMP,ADH,Pandemia
Adaptação,Glicólise,Colágeno,Urina,Herpes
Seleção Sexual,Fermentação,Glicosaminoglicano,Ureter,Gota
Lamarckismo,NADH,Matriz extracelular,Imunidade mediada por células,Derrame
Gene egoista,Piruvato,Caspase,Alergia,Ebola
Macroevolução,Glicose,Fotossíntese,Célula T Helper,Inflamação
Design Inteligente,Citocromo C,Adesão celular,Célula Natural Killer,Diarreia
Deriva gênica,ATP sintase,Celulose,Linfonodo,Edema
Gondwana,Reparo de DNA,Célula-tronco,IgG,Tuberculose
Laurasia,Transferência horizontal de genes,Junção celular,Sistema complemento,Apendicite
Arqueano,Intron,Intérfase,Citocina,Bronquite
Biodiversidade,Splicing,Ciclo celular,Fertilização,Hepatite C
Extinção do Cretáceo-Paleógeno,Genética de populações,Terapia celular,Blástula,Osteoporose
Glaciação,Interferon,Cultura de células,Ectoderma,Ateroma
Xisto de Burgess,DNA circular,Senescência,Gene Hox,Calcificação
Sistemática,Osmose,Tubulina,Noradrenalina,H1N1
Australopithecus,Lipídio,Receptor nicotínico,Biodisponibilidade,Vírus Zika
Megafauna,Microscopia eletrônica,Receptor beta adrenérgico,Acetilcolina,Dengue
