Ecossistemas,Vida,Teoria & Modelagem,Método
Abiótico,Bactéria,Modelo presa-predador,Método científico
Bioma,Ave-do-paraíso,Estocástico,Hipótese
Amazônia,Sumaúma,Determinístico,Experimento
Mata Atlântica,Castor,Equação logística,Coleta de dados
Cerrado,Lobo,Crescimento exponencial,Trabalho de campo
Caatinga,Tubarão,Derivada,Observação
Pampa,Abelhas,Capacidade de carga,Teoria
Pantanal,Recife de corais,Redes complexas,Falseabilidade
Oceano,Microbioma,Variância,Paradigma
Ecótono,Fungos,Seleção r/K,Revolução científica
Sucessão ecológica,Onívoro,Lotka-Volterra,Empirismo
Biomassa,Herbívoro,Validação,Indução
Habitat,Detritívoro,Modelos climáticos,Dedução
Nicho ecológico,Autótrofo,Dinâmica de fonte-sumidouro,Grupo controle
Biogeografia,Fotossíntese,Escala,Reprodutibilidade
Biodiversidade,Superorganismo,Teoria dos jogos,Revisão por pares
Serviços ecossistêmicos,Mutualismo,Calibração,Consenso científico
Ciclo biogeoquímico,Manguezal,Equações diferenciais,Pseudociência
Biosfera,Espécie,Polinômio,Variável
Comunidade clímax,Tundra,Sistemas dinâmicos,Serendipidade
Espécie invasora,Permafrost,Genética de populações,Bioética
Relação ecológica,Savana,Não-linearidade,Incerteza
Recuperação,Fixador de nitrogênio,Simulação,Transecto linear
Restauração,Endotérmico,Modelo baseado em agentes,Laboratório
População,Migração,Modelo espacial,Protocolo experimental
Ecossistema,Polinização,Entropia,Citação
Deriva genética,Especiação,Variável dependente,Monitoramento ambiental
Paisagem,Bioluminescência,Intervalo de confiança,Inventário biológico
Gaia,Hotspot de biodiversidade,Erro padrão,Captura-marcação-recaptura
Produção primária,Lobo-guará,Correlação,Estudo longitudinal
Rede alimentar,Mico-leão-dourado,Análise multivariada,Parcelas
Nível trófico,Onça-pintada,Método Monte Carlo,Armadilhas fotográficas
Espécie-chave,Capivara,P-valor,Isótopos estáveis
Resiliência,Baleia-jubarte,Análise de sensibilidade,Sensoriamento remoto
Solo,Tamanduá-bandeira,Inferência bayesiana,Análise de redes tróficas
Mudanças climáticas,Fitoplâncton,Distribuição normal,Riqueza de espécies
Bioacumulação,Matéria orgânica,Competição intraespecífica,Distribuição de espécies
Extinção,Algas,Metapopulação,Bioacústica
Paleoecologia,Sementes,Alometria,Dispersão de sementes
Ecologia humana,Cactos,Fluxo de energia,Metabarcoding
Ecotoxicologia,Krill,Efeito de borda,DNA ambiental
Fragmentação,Figueira,Oscilações populacionais,Fenologia
Eutrofização,Tentilhões-de-Darwin,Equilíbrio de Hardy-Weinberg,Fragmentação de habitat
Conservação,Pardais,Efeito fundador,Experimentos de longo prazo
Camada de ozônio,Besouros da farinha,Efeito gargalo,Abstract
Protocolo de Kyoto,Pinguim-imperador,Teoria da biogeografia de ilhas,Drone
IPCC,Barro-Colorado,Regressão,Microscópio
Efeito estufa,Açaí,GLM,PCR (Reação em Cadeia da Polimerase)
Primavera Silenciosa/Silent Spring,Fenótipo,Interação espécie-ambiente,Calorimetria
Rio-92,Panda,Teorema central do limite,HPLC (Cromatografia líquida de alta eficiência)
