"character","category"
"Agatha Christie","Artes"
"Akira Toriyama","Artes"
"Alan Moore","Artes"
"Aldous Huxley","Artes"
"Andy Warhol","Artes"
"Anne Frank","Artes"
"Anthony Bourdain","Artes"
"Anton Chekhov","Artes"
"Arthur Rimbaud","Artes"
"Ayn Rand","Artes"
"Banksy","Artes"
"Bob Ross","Artes"
"Charles Baudelaire","Artes"
"Charles Bukowski","Artes"
"Christopher Hitchens","Artes"
"Chuck Palahniuk","Artes"
"Clarice Lispector","Artes"
"Claude Monet","Artes"
"Coco Chanel","Artes"
"Dante Alighieri","Artes"
"David Foster Wallace","Artes"
"Edgar Allan Poe","Artes"
"Emily Dickinson","Artes"
"Ernest Hemingway","Artes"
"Fernando Pessoa","Artes"
"Franz Kafka","Artes"
"Frida Kahlo","Artes"
"Fyodor Dostoyevsky","Artes"
"George Orwell","Artes"
"George R. R. Martin","Artes"
"H.P. Lovecraft","Artes"
"Hans Christian Andersen","Artes"
"Harry Houdini (mágico)","Artes"
"Henry David Thoreau","Artes"
"Homero","Artes"
"Isaac Asimov","Artes"
"J. K. Rowling","Artes"
"James Joyce","Artes"
"Johann Wolfgang von Goethe","Artes"
"John Green","Artes"
"Jules Verne","Artes"
"Junji Ito","Artes"
"Kentaro Miura","Artes"
"Kurt Vonnegut","Artes"
"Leo Tolstoy","Artes"
"Leonardo da Vinci","Artes"
"Leonardo Da Vinci","Artes"
"Lin-Manuel Miranda","Artes"
"Lord Byron","Artes"
"Marie Kondo","Artes"
"Mark Twain","Artes"
"Marquis De Sade","Artes"
"Mary Shelley","Artes"
"Neil Gaiman","Artes"
"Oscar Wilde","Artes"
"Pablo Picasso","Artes"
"Rebecca Sugar","Artes"
"Salvador Dalí","Artes"
"Satoshi Kon","Artes"
"Shakespeare","Artes"
"Sir Arthur Conan Doyle","Artes"
"Stan Lee","Artes"
"Stephen King","Artes"
"Sylvia Plath","Artes"
"Victor Hugo","Artes"
"Vincent van Gogh","Artes"
"Vincent Van Gogh","Artes"
"Virginia Woolf","Artes"
"Vladimir Nabokov","Artes"
"Walt Disney","Artes"
"Walt Whitman","Artes"
"William Shakespeare","Artes"
"Adam Driver","Atores e Diretores (Internacional)"
"Adam Sandler","Atores e Diretores (Internacional)"
"Alfred Hitchcock","Atores e Diretores (Internacional)"
"Amy Adams","Atores e Diretores (Internacional)"
"Angelina Jolie","Atores e Diretores (Internacional)"
"Anne Hathaway","Atores e Diretores (Internacional)"
"Anthony Hopkins","Atores e Diretores (Internacional)"
"Arnold Schwarzenegger","Atores e Diretores (Internacional)"
"Ashton Kutcher","Atores e Diretores (Internacional)"
"Audrey Hepburn","Atores e Diretores (Internacional)"
"Ben Affleck","Atores e Diretores (Internacional)"
"Benedict Cumberbatch","Atores e Diretores (Internacional)"
"Blake Lively","Atores e Diretores (Internacional)"
"Brad Pitt","Atores e Diretores (Internacional)"
"Bruce Lee","Atores e Diretores (Internacional)"
"Bruce Lee","Atores e Diretores (Internacional)"
"Bruce Willis","Atores e Diretores (Internacional)"
"Cara Delevingne","Atores e Diretores (Internacional)"
"Cate Blanchett","Atores e Diretores (Internacional)"
"Chadwick Boseman","Atores e Diretores (Internacional)"
"Charlie Chaplin","Atores e Diretores (Internacional)"
"Charlie Sheen","Atores e Diretores (Internacional)"
"Chris Evans","Atores e Diretores (Internacional)"
"Chris Hemsworth","Atores e Diretores (Internacional)"
"Chris Pratt","Atores e Diretores (Internacional)"
"Chris Rock","Atores e Diretores (Internacional)"
"Christian Bale","Atores e Diretores (Internacional)"
"Christopher Nolan","Atores e Diretores (Internacional)"
"Chuck Norris","Atores e Diretores (Internacional)"
"Clint Eastwood","Atores e Diretores (Internacional)"
"Daniel Craig","Atores e Diretores (Internacional)"
"Daniel Radcliffe","Atores e Diretores (Internacional)"
"Danny DeVito","Atores e Diretores (Internacional)"
"Dave Chappelle","Atores e Diretores (Internacional)"
"David Fincher","Atores e Diretores (Internacional)"
"David Lynch","Atores e Diretores (Internacional)"
"Denzel Washington","Atores e Diretores (Internacional)"
"Donald Glover","Atores e Diretores (Internacional)"
"Drew Barrymore","Atores e Diretores (Internacional)"
"Dwayne “The Rock” Johnson","Atores e Diretores (Internacional)"
"Ellen DeGeneres","Atores e Diretores (Internacional)"
"Emilia Clarke","Atores e Diretores (Internacional)"
"Emma Stone","Atores e Diretores (Internacional)"
"Emma Watson","Atores e Diretores (Internacional)"
"Ewan McGregor","Atores e Diretores (Internacional)"
"Gal Gadot","Atores e Diretores (Internacional)"
"George Carlin","Atores e Diretores (Internacional)"
"George Clooney","Atores e Diretores (Internacional)"
"George Lucas","Atores e Diretores (Internacional)"
"Guillermo del Toro","Atores e Diretores (Internacional)"
"Gwyneth Paltrow","Atores e Diretores (Internacional)"
"Harrison Ford","Atores e Diretores (Internacional)"
"Hayao Miyazaki","Atores e Diretores (Internacional)"
"Heath Ledger","Atores e Diretores (Internacional)"
"Henry Cavill","Atores e Diretores (Internacional)"
"Hugh Jackman","Atores e Diretores (Internacional)"
"Jack Black","Atores e Diretores (Internacional)"
"Jack Dylan Grazer","Atores e Diretores (Internacional)"
"Jack Nicholson","Atores e Diretores (Internacional)"
"Jackie Chan","Atores e Diretores (Internacional)"
"Jaden Smith","Atores e Diretores (Internacional)"
"James Cameron","Atores e Diretores (Internacional)"
"James Franco","Atores e Diretores (Internacional)"
"Jason Momoa","Atores e Diretores (Internacional)"
"Jennifer Aniston","Atores e Diretores (Internacional)"
"Jennifer Lopez","Atores e Diretores (Internacional)"
"Jerry Seinfeld","Atores e Diretores (Internacional)"
"Jim Carrey","Atores e Diretores (Internacional)"
"Jimmy Fallon","Atores e Diretores (Internacional)"
"Joaquin Phoenix","Atores e Diretores (Internacional)"
"John Krasinski","Atores e Diretores (Internacional)"
"John Travolta","Atores e Diretores (Internacional)"
"Johnny Depp","Atores e Diretores (Internacional)"
"Jonah Hill","Atores e Diretores (Internacional)"
"Julia Roberts","Atores e Diretores (Internacional)"
"Kate Winslet","Atores e Diretores (Internacional)"
"Keanu Reeves","Atores e Diretores (Internacional)"
"Keira Knightley","Atores e Diretores (Internacional)"
"Kevin Hart","Atores e Diretores (Internacional)"
"Kristen Bell","Atores e Diretores (Internacional)"
"Kristen Stewart","Atores e Diretores (Internacional)"
"Lars von Trier","Atores e Diretores (Internacional)"
"Leonardo DiCaprio","Atores e Diretores (Internacional)"
"Leonardo DiCaprio","Atores e Diretores (Internacional)"
"Marilyn Monroe","Atores e Diretores (Internacional)"
"Mark Hamill","Atores e Diretores (Internacional)"
"Mark Ruffalo","Atores e Diretores (Internacional)"
"Marlon Brando","Atores e Diretores (Internacional)"
"Matt Damon","Atores e Diretores (Internacional)"
"Matthew McConaughey","Atores e Diretores (Internacional)"
"Megan Fox","Atores e Diretores (Internacional)"
"Mel Gibson","Atores e Diretores (Internacional)"
"Meryl Streep","Atores e Diretores (Internacional)"
"Meryl Streep","Atores e Diretores (Internacional)"
"Mila Kunis","Atores e Diretores (Internacional)"
"Millie Bobby Brown","Atores e Diretores (Internacional)"
"Morgan Freeman","Atores e Diretores (Internacional)"
"Naomi Campbell","Atores e Diretores (Internacional)"
"Natalie Portman","Atores e Diretores (Internacional)"
"Nicolas Cage","Atores e Diretores (Internacional)"
"Nicole Kidman","Atores e Diretores (Internacional)"
"Oprah Winfrey","Atores e Diretores (Internacional)"
"Paul Rudd","Atores e Diretores (Internacional)"
"Phoebe Waller-Bridge","Atores e Diretores (Internacional)"
"Quentin Tarantino","Atores e Diretores (Internacional)"
"Rami Malek","Atores e Diretores (Internacional)"
"Ricky Gervais","Atores e Diretores (Internacional)"
"Robert de Niro","Atores e Diretores (Internacional)"
"Robert Downey Jr.","Atores e Diretores (Internacional)"
"Robert Pattinson","Atores e Diretores (Internacional)"
"Robin Williams","Atores e Diretores (Internacional)"
"Ryan Reynolds","Atores e Diretores (Internacional)"
"Sacha Baron Cohen","Atores e Diretores (Internacional)"
"Samuel L. Jackson","Atores e Diretores (Internacional)"
"Sandra Bullock","Atores e Diretores (Internacional)"
"Scarlett Johansson","Atores e Diretores (Internacional)"
"Seth MacFarlane","Atores e Diretores (Internacional)"
"Shia LaBeouf","Atores e Diretores (Internacional)"
"Sofía Vergara","Atores e Diretores (Internacional)"
"Stanley Kubrick","Atores e Diretores (Internacional)"
"Stephen Colbert","Atores e Diretores (Internacional)"
"Stephen Fry","Atores e Diretores (Internacional)"
"Steve Carell","Atores e Diretores (Internacional)"
"Steve Harvey","Atores e Diretores (Internacional)"
"Steven Spielberg","Atores e Diretores (Internacional)"
"Sylvester Stallone","Atores e Diretores (Internacional)"
"Terry Crews","Atores e Diretores (Internacional)"
"Tim Burton","Atores e Diretores (Internacional)"
"Tina Fey","Atores e Diretores (Internacional)"
"Tom Hanks","Atores e Diretores (Internacional)"
"Tom Holland","Atores e Diretores (Internacional)"
"Uma Thurman","Atores e Diretores (Internacional)"
"Viggo Mortensen","Atores e Diretores (Internacional)"
"Will Smith","Atores e Diretores (Internacional)"
"Winona Ryder","Atores e Diretores (Internacional)"
"Woody Allen","Atores e Diretores (Internacional)"
"Zac Efron","Atores e Diretores (Internacional)"
"Zack Snyder","Atores e Diretores (Internacional)"
"Seu adversário","Auto-referente"
"Seu pai","Auto-referente"
"Sua avó/Seu avô","Auto-referente"
"Sua mãe","Auto-referente"
"Você mesmo","Auto-referente"
"Adriana Esteves","Celebridades Brasileiras"
"Alexandre Nero","Celebridades Brasileiras"
"Ana Carolina","Celebridades Brasileiras"
"Ana Paula Padrão","Celebridades Brasileiras"
"Angélica","Celebridades Brasileiras"
"Anitta","Celebridades Brasileiras"
"Antônio Fagundes","Celebridades Brasileiras"
"Ary Fontoura","Celebridades Brasileiras"
"Babu Santana","Celebridades Brasileiras"
"Bruno Gagliasso","Celebridades Brasileiras"
"Bussunda","Celebridades Brasileiras"
"Caetano Veloso","Celebridades Brasileiras"
"Camila Pitanga","Celebridades Brasileiras"
"Carlinhos de Jesus","Celebridades Brasileiras"
"Carlos Alberto de Nóbrega","Celebridades Brasileiras"
"Cauã Reymond","Celebridades Brasileiras"
"Chay Suede","Celebridades Brasileiras"
"Chico Anysio","Celebridades Brasileiras"
"Cláudia Raia","Celebridades Brasileiras"
"Daniela Mercury","Celebridades Brasileiras"
"Danilo Gentili","Celebridades Brasileiras"
"Deborah Secco","Celebridades Brasileiras"
"Diogo Defante","Celebridades Brasileiras"
"Drauzio Varella","Celebridades Brasileiras"
"Eliana","Celebridades Brasileiras"
"Érick Jacquin","Celebridades Brasileiras"
"Evaristo Costa","Celebridades Brasileiras"
"Fábio Porchat","Celebridades Brasileiras"
"Fátima Bernardes","Celebridades Brasileiras"
"Faustão","Celebridades Brasileiras"
"Fernanda Montenegro","Celebridades Brasileiras"
"Ferrugem","Celebridades Brasileiras"
"Fiuk","Celebridades Brasileiras"
"Giovanna Antonelli","Celebridades Brasileiras"
"Gloria Groove","Celebridades Brasileiras"
"Grazi Massafera","Celebridades Brasileiras"
"Gugu","Celebridades Brasileiras"
"Gusttavo Lima","Celebridades Brasileiras"
"Helio de La Pena","Celebridades Brasileiras"
"Igão (Podpah)","Celebridades Brasileiras"
"Ivete Sangalo","Celebridades Brasileiras"
"Iza","Celebridades Brasileiras"
"João Gomes","Celebridades Brasileiras"
"José de Abreu","Celebridades Brasileiras"
"Juliana Paes","Celebridades Brasileiras"
"Karol Conká","Celebridades Brasileiras"
"Lenine","Celebridades Brasileiras"
"Lília Cabral","Celebridades Brasileiras"
"Linn da Quebrada","Celebridades Brasileiras"
"Luan Santana","Celebridades Brasileiras"
"Luciano Hang/Véio da Havan","Celebridades Brasileiras"
"Luciano Huck","Celebridades Brasileiras"
"Ludmilla","Celebridades Brasileiras"
"Marcelo Tas","Celebridades Brasileiras"
"Marcos Mion","Celebridades Brasileiras"
"Marcos Palmeira","Celebridades Brasileiras"
"Marcos Pasquim","Celebridades Brasileiras"
"Maria Gadú","Celebridades Brasileiras"
"Maria Júlia Coutinho","Celebridades Brasileiras"
"Marília Mendonça","Celebridades Brasileiras"
"Marjorie Estiano","Celebridades Brasileiras"
"Martinho da Vila","Celebridades Brasileiras"
"Mateus Solano","Celebridades Brasileiras"
"MC Guimê","Celebridades Brasileiras"
"Michel Teló","Celebridades Brasileiras"
"Milton Gonçalves","Celebridades Brasileiras"
"Murilo Benício","Celebridades Brasileiras"
"Naldo Benny","Celebridades Brasileiras"
"Pabllo Vittar","Celebridades Brasileiras"
"Paola Carrosela","Celebridades Brasileiras"
"Paolla Oliveira","Celebridades Brasileiras"
"Patrícia Poeta","Celebridades Brasileiras"
"Paula Fernandes","Celebridades Brasileiras"
"Paulo Coelho","Celebridades Brasileiras"
"Regina Casé","Celebridades Brasileiras"
"Renata Lo Prete","Celebridades Brasileiras"
"Rita Lee","Celebridades Brasileiras"
"Sérgio Guizé","Celebridades Brasileiras"
"Sílvio (Pânico)","Celebridades Brasileiras"
"Sílvio Santos","Celebridades Brasileiras"
"Susana Vieira","Celebridades Brasileiras"
"Tadeu Schmidt","Celebridades Brasileiras"
"Taís Araújo","Celebridades Brasileiras"
"Tatá Werneck","Celebridades Brasileiras"
"Thiago Nigro (O Primo Rico)","Celebridades Brasileiras"
"Tiago Iorc","Celebridades Brasileiras"
"Tiago Leifert","Celebridades Brasileiras"
"Tony Ramos","Celebridades Brasileiras"
"Vanessa da Mata","Celebridades Brasileiras"
"Vera Fischer","Celebridades Brasileiras"
"Vesgo (Pânico)","Celebridades Brasileiras"
"Vitor Kley","Celebridades Brasileiras"
"William Bonner","Celebridades Brasileiras"
"Xuxa","Celebridades Brasileiras"
"Ada Lovelace","Ciência"
"Alan Turing","Ciência"
"Albert Einstein","Ciência"
"Alberto SantosDumont","Ciência"
"Alexander Graham Bell","Ciência"
"Antoine Lavoisier","Ciência"
"Avicenna / Ibn Sina","Ciência"
"B. F. Skinner","Ciência"
"Benjamin Franklin","Ciência"
"Boyan Slat","Ciência"
"Carl Sagan","Ciência"
"Charles Darwin","Ciência"
"Charles Darwin","Ciência"
"Claude Shannon","Ciência"
"David Hilbert","Ciência"
"Dmitri Mendeleev","Ciência"
"Ernest Rutherford","Ciência"
"Erwin Schrödinger","Ciência"
"Euclid","Ciência"
"Florence Nightingale","Ciência"
"Galileo Galilei","Ciência"
"Georg Cantor","Ciência"
"Hans Asperger","Ciência"
"Isaac Newton","Ciência"
"Isaac Newton","Ciência"
"Jane Goodall","Ciência"
"Johann Gregor Mendel","Ciência"
"John Maynard Keynes","Ciência"
"John Nash","Ciência"
"Karl Marx","Ciência"
"Kurt Gödel","Ciência"
"Louis Pasteur","Ciência"
"Marie Skłodowska-Curie","Ciência"
"Michael Faraday","Ciência"
"Nicolaus Copernicus","Ciência"
"Niels Bohr","Ciência"
"Nikola Tesla","Ciência"
"Noam Chomsky","Ciência"
"Pierre Curie","Ciência"
"Richard Dawkins","Ciência"
"Richard Feynman","Ciência"
"Richard Feynman","Ciência"
"Robert Hooke","Ciência"
"Robert Oppenheimer","Ciência"
"Rosalind Franklin","Ciência"
"Santos Dumont","Ciência"
"Sigmund Freud","Ciência"
"Sigmund Freud","Ciência"
"Srinivasa Ramanujan","Ciência"
"Stephen Hawking","Ciência"
"Stephen Hawking","Ciência"
"Thomas Edison","Ciência"
"(Ursinhos Carinhosos)","Desenhos"
"#1 (KND – A Turma do Bairro)","Desenhos"
"Aang (Avatar: The Last Airbender)","Desenhos"
"Adora “She-Ra” (She-Ra and the Princesses of Power)","Desenhos"
"Agumon (Digimon)","Desenhos"
"Alladin (Aladdin)","Desenhos"
"Arthur (Arthur)","Desenhos"
"Asami Sato (The Legend of Korra)","Desenhos"
"Ash Ketchum (Pokémon)","Desenhos"
"Bart Simpson (The Simpsons)","Desenhos"
"Beavis (Beavis e Butt-Head)","Desenhos"
"Ben Tennyson (Ben 10)","Desenhos"
"Blossom (The Powerpuff Girls)","Desenhos"
"Blu (A Mansão Foster para Amigos Imaginários)","Desenhos"
"Bob Esponja","Desenhos"
"Bobby (O Fantástico Mundo de Bobby)","Desenhos"
"BoJack F. Horseman (BoJack Horseman)","Desenhos"
"Brian Griffin (Family Guy)","Desenhos"
"Bubbles (The Powerpuff Girls)","Desenhos"
"Bugs Bunny (Looney Tunes)","Desenhos"
"Capitão Planeta (Capitão Planeta)","Desenhos"
"CatDog (CatDog)","Desenhos"
"Cebolinha (Turma da Mônica)","Desenhos"
"Cérebro (Pinky e o Cérebro)","Desenhos"
"Charizard","Desenhos"
"Charlie Brown (Peanuts)","Desenhos"
"Clover (As Três Espiãs Demais!)","Desenhos"
"Courage (Courage the Cowardly Dog)","Desenhos"
"Danny Phantom (Danny Phantom)","Desenhos"
"Dexter (Dexter's Laboratory)","Desenhos"
"Diane Nguyen (BoJack Horseman)","Desenhos"
"Dick Vigarista","Desenhos"
"Doug (Doug)","Desenhos"
"Edu (Du, Dudu e Edu)","Desenhos"
"Entrapta (She-Ra and the Princesses of Power)","Desenhos"
"Eric Cartman (South Park)","Desenhos"
"Finn (Adventure Time)","Desenhos"
"Flora (Winx Club)","Desenhos"
"Fred Flinstone","Desenhos"
"Fred Jones (Scooby-Doo)","Desenhos"
"Frekazoid (Frekazoid!)","Desenhos"
"Garfield the Cat (Garfield)","Desenhos"
"Gasparzinho","Desenhos"
"George (George, O Curioso)","Desenhos"
"Goku (Dragon Ball Z)","Desenhos"
"Grunkle Stan (Gravity Falls)","Desenhos"
"Gumball Watterson (The Amazing World of Gumball)","Desenhos"
"Hilda (Hilda)","Desenhos"
"Homer Simpson (The Simpsons)","Desenhos"
"Howl Jenkins Pendragon (Howl's Moving Castle)","Desenhos"
"Ikki de Fênix (Os Cavaleiros do Zodíaco)","Desenhos"
"Iroh (Avatar: The Last Airbender)","Desenhos"
"Jackie Chan (As Aventuras de Jackie Chan)","Desenhos"
"Jake the Dog (Adventure Time)","Desenhos"
"Jasmine (Aladdin)","Desenhos"
"Jerry (Tom and Jerry)","Desenhos"
"Jimmy Neutron (The Adventures of Jimmy Neutron)","Desenhos"
"Johnny Bravo (Johnny Bravo)","Desenhos"
"Katara (Avatar: The Last Airbender)","Desenhos"
"Kim Possible (Kim Possible)","Desenhos"
"Korra (The Legend of Korra)","Desenhos"
"L (Death Note)","Desenhos"
"Leonardo (Teenage Mutant Ninja Turtles)","Desenhos"
"Light Yagami (Death Note)","Desenhos"
"Luz Noceda (The Owl House)","Desenhos"
"Mabel Pines (Gravity Falls)","Desenhos"
"Marceline the Vampire Queen (Adventure Time)","Desenhos"
"Marinette “Ladybug” (Miraculous: Tales of Ladybug & Cat Noir)","Desenhos"
"Máskara (O Máskara)","Desenhos"
"Mewtwo","Desenhos"
"Mickey (Disney)","Desenhos"
"Mônica (Turma da Mônica)","Desenhos"
"Monkey D. Luffy ""Straw Hat"" (One Piece)","Desenhos"
"Morty Smith (Rick and Morty)","Desenhos"
"Naruto Uzumaki (Naruto)","Desenhos"
"Os Animaniacs (Animaniacs)","Desenhos"
"Pantera Cor-De-Rosa","Desenhos"
"Papa-Léguas","Desenhos"
"Pateta (Disney)","Desenhos"
"Pato Donald (Disney)","Desenhos"
"Patolino","Desenhos"
"Patrick Star (SpongeBob SquarePants)","Desenhos"
"Pearl (Steven Universe)","Desenhos"
"Pequeno Príncipe","Desenhos"
"Pernalonga","Desenhos"
"Perry (Phineas e Ferb)","Desenhos"
"Peter Griffin (Family Guy)","Desenhos"
"Phineas (Phineas e Ferb)","Desenhos"
"Pikachu","Desenhos"
"Pinky (Pinky e o Cérebro)","Desenhos"
"Plankton (SpongeBob SquarePants)","Desenhos"
"Popeye","Desenhos"
"Princess Bonnibel Bubblegum (Adventure Time)","Desenhos"
"Professor Utonium (The Powerpuff Girls)","Desenhos"
"Pumba (Timão e Pumba)","Desenhos"
"Raphael (Teenage Mutant Ninja Turtles)","Desenhos"
"Regina Rocket (Rocket Power)","Desenhos"
"Rick Sanchez (Rick and Morty)","Desenhos"
"Ronald McDonald","Desenhos"
"Sailor Moon (Sailor Moon)","Desenhos"
"Sakura (Sakura Cardcaptors)","Desenhos"
"Sam (As Três Espiãs Demais!)","Desenhos"
"Scooby-Doo (Scooby-Doo)","Desenhos"
"Seiya de Pégaso (Os Cavaleiros do Zodíaco)","Desenhos"
"Shiryu de Dragão (Os Cavaleiros do Zodíaco)","Desenhos"
"SpongeBob SquarePants (SpongeBob SquarePants)","Desenhos"
"Stan Marsh (South Park)","Desenhos"
"Star Butterfly (Star vs. the Forces of Evil)","Desenhos"
"Steven Universe (Steven Universe)","Desenhos"
"Stewie Griffin (Family Guy)","Desenhos"
"Tai (Digimon)","Desenhos"
"Tanjiro Kamado (Demon Slayer)","Desenhos"
"Taz (Looney Tunes)","Desenhos"
"Timão (Timão e Pumba)","Desenhos"
"Timmy Turner (The Fairly OddParents)","Desenhos"
"Tio Patinhas (Disney)","Desenhos"
"Tom (Tom and Jerry)","Desenhos"
"Vaca (A Vaca e o Frango)","Desenhos"
"Vegeta (Dragon Ball Z)","Desenhos"
"Velma Dinkley (Scooby-Doo)","Desenhos"
"Wanda (The Fairly OddParents)","Desenhos"
"Winnie the Pooh","Desenhos"
"Yugi (Yu-Gi-Oh)","Desenhos"
"Zuko (Avatar: The Last Airbender)","Desenhos"
"Abel Ferreira (futebol)","Esportes"
"Adriano Imperador (futebol)","Esportes"
"Ana Moser (vôlei)","Esportes"
"Anderson Silva","Esportes"
"Anderson Silva (MMA)","Esportes"
"Ayrton Senna","Esportes"
"Ayrton Senna (F1)","Esportes"
"Bob Burnquist (skatista)","Esportes"
"Carlo Ancelotti (futebol)","Esportes"
"Conor McGregor (MMA)","Esportes"
"Craque Neto (futebol)","Esportes"
"David Beckham (futebol)","Esportes"
"Diego Maradona (futebol)","Esportes"
"Emiliano ""Dibu"" Martínez (futebol)","Esportes"
"Erling Haaland (futebol)","Esportes"
"Floyd Mayweather Jr. (boxe)","Esportes"
"Garry Kasparov (Chess)","Esportes"
"Gerard Piqué (futebol)","Esportes"
"Giba (vôlei)","Esportes"
"Harry Houdini (mágico)","Esportes"
"Harry Maguire (futebol)","Esportes"
"Hortência (basquete)","Esportes"
"Jorge Jesus (futebol)","Esportes"
"José Mourinho","Esportes"
"Kevin De Bruyne (futebol)","Esportes"
"Kylian Mbappé (futebol)","Esportes"
"LeBron James (basquete)","Esportes"
"Lewis Hamilton (F1)","Esportes"
"Lionel Messi (futebol)","Esportes"
"Luis Suárez (futebol)","Esportes"
"Magnus Carlsen (xadrez)","Esportes"
"Michael Jordan","Esportes"
"Michael Jordan (basquete)","Esportes"
"Mike Tyson (boxe)","Esportes"
"Muhammad Ali (boxe)","Esportes"
"Neymar Jr (futebol)","Esportes"
"Novak Djokovic (tênis)","Esportes"
"Oscar (basquete)","Esportes"
"Paulo Muzy (bodybuilding)","Esportes"
"Pelé (futebol)","Esportes"
"Pep Guardiola (futebol)","Esportes"
"Rafael Nadal","Esportes"
"Rafael Nadal (tênis)","Esportes"
"Roger Federer (tênis)","Esportes"
"Ronaldinho (futebol)","Esportes"
"Ronaldo (futebol)","Esportes"
"Ronda Rousey","Esportes"
"Ronda Rousey (MMA)","Esportes"
"Serena Williams (tênis)","Esportes"
"Sergio Ramos (futebol)","Esportes"
"Simone Biles (ginástica)","Esportes"
"Taffarel (futebol)","Esportes"
"Tiger Woods (golfe)","Esportes"
"Tony Hawk (skate)","Esportes"
"Usain Bolt","Esportes"
"Usain Bolt (atletismo)","Esportes"
"Vanderlei Luxemburgo","Esportes"
"Vinícius Júnior (futebol)","Esportes"
"Zinédine Zidane (futebol)","Esportes"
"Ace Ventura","Filmes"
"Albus Dumbledore (Harry Potter)","Filmes"
"Amber Freeman (Scream)","Filmes"
"Amélie Poulain (Amélie)","Filmes"
"Amy Elliott Dunne (Gone Girl)","Filmes"
"Aquiles","Filmes"
"Aragorn (Senhor dos Anéis)","Filmes"
"Aragorn (The Lord of the Rings)","Filmes"
"Borat","Filmes"
"Captain Jack Sparrow (Pirates of the Caribbean)","Filmes"
"Coraline Jones (Coraline)","Filmes"
"Daniel LaRusso (The Karate Kid)","Filmes"
"Darth Vader (Star Wars)","Filmes"
"Doc Brown (Back to the Future)","Filmes"
"Don Corleone","Filmes"
"Don Quixote","Filmes"
"Dorothy (Wizard of Oz)","Filmes"
"Dr. Doolittle","Filmes"
"Dr. Randall Mindy (Don’t Look Up)","Filmes"
"Draco Malfoy (Harry Potter)","Filmes"
"Drácula","Filmes"
"E.T. (E.T.)","Filmes"
"Edward Cullen (Twilight)","Filmes"
"Edward Cullen (Twilight)","Filmes"
"Edward Scissorhands (Edward Scissorhands)","Filmes"
"Elizabeth Bennet (Pride and Prejudice)","Filmes"
"Elle Woods (Legally Blonde)","Filmes"
"Ellen Ripley (Alien)","Filmes"
"Enola Holmes (Enola Holmes)","Filmes"
"Ferris Bueller","Filmes"
"Forrest Gump","Filmes"
"Forrest Gump","Filmes"
"Forrest Gump (Forrest Gump)","Filmes"
"Frankestein","Filmes"
"Freddy Krueger","Filmes"
"Frodo (Senhor dos Anéis)","Filmes"
"Galadriel (The Lord of the Rings)","Filmes"
"Gandalf (Senhor dos Anéis)","Filmes"
"Gandalf the Grey (The Lord of the Rings)","Filmes"
"Ghostface (Scream)","Filmes"
"Gollum (Senhor dos Anéis)","Filmes"
"Hagrid (Harry Potter)","Filmes"
"Han Solo (Star Wars)","Filmes"
"Hannibal Lecter (The Silence of the Lambs)","Filmes"
"Hanniball Lecter","Filmes"
"Harry Potter","Filmes"
"Harry Potter (Harry Potter)","Filmes"
"Hermione Granger (Harry Potter)","Filmes"
"Hermione Granger (Harry Potter)","Filmes"
"Indiana Jones","Filmes"
"Indiana Jones","Filmes"
"Jack Sparrow","Filmes"
"Jake Sully ""Tsyeyk te Suli"" (Avatar)","Filmes"
"James Bond","Filmes"
"James Bond","Filmes"
"Jason","Filmes"
"Jason Bourne","Filmes"
"Jason Bourne","Filmes"
"John Kramer “Jigsaw” (Saw Series)","Filmes"
"John McClane (Die Hard)","Filmes"
"Katniss Everdeen (The Hunger Games)","Filmes"
"Kevin McCallister (Home Alone)","Filmes"
"Legolas (Senhor dos Anéis)","Filmes"
"Leia Organa (Star Wars)","Filmes"
"Lord Voldemort (Harry Potter)","Filmes"
"Luke Skywalker (Star Wars)","Filmes"
"Maleficent (Maleficent)","Filmes"
"Marty McFly (Back to the Future)","Filmes"
"Maximus (Gladiator)","Filmes"
"Mia Wallace (Pulp Fiction)","Filmes"
"Michael Corleone (The Godfather)","Filmes"
"Neo (The Matrix Trilogy)","Filmes"
"Norman Bates (Psycho)","Filmes"
"Obi-Wan Kenobi (Star Wars)","Filmes"
"Optimus Prime (Transformers)","Filmes"
"Patrick Bateman (American Psycho)","Filmes"
"Patrick Bateman (American Psycho)","Filmes"
"Pennywise (It)","Filmes"
"Predator","Filmes"
"Rambo","Filmes"
"Regan, possessed (The Exorcist)","Filmes"
"Robin Hood","Filmes"
"Robocop","Filmes"
"Robocop","Filmes"
"Rocky Balboa","Filmes"
"Rocky Balboa","Filmes"
"Severus Snape (Harry Potter)","Filmes"
"Shark (Jaws)","Filmes"
"Sharpay Evans (High School Musical)","Filmes"
"Sherlock Holmes","Filmes"
"The Bride (Kill Bill)","Filmes"
"The Mask","Filmes"
"The Terminator (T-800)","Filmes"
"Tyler (Fight Club)","Filmes"
"Tyler Durden (Fight Club)","Filmes"
"V (V for Vendetta)","Filmes"
"V (V for Vendetta)","Filmes"
"Vincent Vega (Pulp Fiction)","Filmes"
"Vito Corleone (The Godfather)","Filmes"
"Voldemort (Harry Potter)","Filmes"
"Watson (Sherlock Holmes)","Filmes"
"Willy Wonka","Filmes"
"Willy Wonka (Charlie and the Chocolate Factory)","Filmes"
"Willy/Orca (Free Willy)","Filmes"
"Xenomorph (Alien)","Filmes"
"Yoda (Star Wars)","Filmes"
"Zorro","Filmes"
"Alice (Alice in Wonderland)","Filmes (Animações)"
"Alice (Alice no País das Maravilhas)","Filmes (Animações)"
"Alladin (Aladdin)","Filmes (Animações)"
"Anna (Frozen)","Filmes (Animações)"
"Ariel (The Little Mermaid)","Filmes (Animações)"
"Bambi (Bambi)","Filmes (Animações)"
"Beast (Beauty and the Beast)","Filmes (Animações)"
"Belle (Beauty and the Beast)","Filmes (Animações)"
"Blu (Rio)","Filmes (Animações)"
"Branca de Neve","Filmes (Animações)"
"Bruno Madrigal (Encanto)","Filmes (Animações)"
"Buzz Lightyear (Toy Story)","Filmes (Animações)"
"Carl Fredricksen (Up)","Filmes (Animações)"
"Cinderella (Cinderella)","Filmes (Animações)"
"Cruella de Vil (Cruella)","Filmes (Animações)"
"Donkey (Shrek)","Filmes (Animações)"
"Dory (Finding Nemo)","Filmes (Animações)"
"Dumbo (Dumbo)","Filmes (Animações)"
"Edna (The Incredibles)","Filmes (Animações)"
"Elsa (Frozen)","Filmes (Animações)"
"Esmeralda (The Hunchback of Notre Dame)","Filmes (Animações)"
"Fada Sininho","Filmes (Animações)"
"Felonius Gru (Despicable Me)","Filmes (Animações)"
"Fiona (Shrek)","Filmes (Animações)"
"Genie (Aladdin)","Filmes (Animações)"
"Genie (Alladin)","Filmes (Animações)"
"Hades (Hercules)","Filmes (Animações)"
"Helen Parr “Elastigirl” (The Incredibles)","Filmes (Animações)"
"Hiccup (How to Train Your Dragon)","Filmes (Animações)"
"Jasmine (Aladdin)","Filmes (Animações)"
"Joy (Inside Out)","Filmes (Animações)"
"Judy Hopps (Zootopia)","Filmes (Animações)"
"Manny (Ice Age)","Filmes (Animações)"
"Marlin (Finding Nemo)","Filmes (Animações)"
"Merida (Brave)","Filmes (Animações)"
"Mike Wazowski (Monsters, Inc.)","Filmes (Animações)"
"Minion (Despicable Me)","Filmes (Animações)"
"Minion (Meu Malvado Favorito)","Filmes (Animações)"
"Moana (Moana)","Filmes (Animações)"
"Mr. Incredible (The Incredibles)","Filmes (Animações)"
"Mulan (Mulan)","Filmes (Animações)"
"Olaf (Frozen)","Filmes (Animações)"
"Peter Pan","Filmes (Animações)"
"Peter Pan (Peter Pan)","Filmes (Animações)"
"Po (Kung Fu Panda)","Filmes (Animações)"
"Po (Kung-Fu Panda)","Filmes (Animações)"
"Pocahontas (Pocahontas)","Filmes (Animações)"
"Puss in Boots (Shrek)","Filmes (Animações)"
"Rapunzel (Tangled)","Filmes (Animações)"
"Raya (Raya and the Last Dragon)","Filmes (Animações)"
"Rei Julian (Madagascar)","Filmes (Animações)"
"Rémy (Ratatouille)","Filmes (Animações)"
"Sadness (Inside Out)","Filmes (Animações)"
"Scar (The Lion King)","Filmes (Animações)"
"Scratchy (Ice Age)","Filmes (Animações)"
"Shrek","Filmes (Animações)"
"Shrek","Filmes (Animações)"
"Shrek (Shrek)","Filmes (Animações)"
"Simba (Rei Leão)","Filmes (Animações)"
"Simba (The Lion King)","Filmes (Animações)"
"Snow White (Snow White and the Seven Dwarfs)","Filmes (Animações)"
"Sulley (Monsters, Inc.)","Filmes (Animações)"
"Tarzan","Filmes (Animações)"
"Tarzan (Tarzan)","Filmes (Animações)"
"Toothless (How to Train Your Dragon)","Filmes (Animações)"
"WALL-E (WALL-E)","Filmes (Animações)"
"Woody (Toy Story)","Filmes (Animações)"
"Albert Camus","Filosofia"
"Aristotle","Filosofia"
"Arthur Schopenhauer","Filosofia"
"Auguste Comte","Filosofia"
"Baruch Spinoza","Filosofia"
"Bertrand Russell","Filosofia"
"Daniel Dennett","Filosofia"
"David Hume","Filosofia"
"Democritus","Filosofia"
"Denis Diderot","Filosofia"
"Edmund Burke","Filosofia"
"Émile Durkheim","Filosofia"
"Emma Goldman","Filosofia"
"Epicurus","Filosofia"
"Francis Bacon","Filosofia"
"Friedrich Engels","Filosofia"
"Georg Hegel","Filosofia"
"Gottlob Frege","Filosofia"
"Hannah Arendt","Filosofia"
"Immanuel Kant","Filosofia"
"Jacques Derrida","Filosofia"
"Jean-Jacques Rousseau","Filosofia"
"Jean-Paul Sartre","Filosofia"
"Jeremy Bentham","Filosofia"
"John Rawls","Filosofia"
"John Stuart Mill","Filosofia"
"Judith Butler","Filosofia"
"Karl Marx","Filosofia"
"Karl Popper","Filosofia"
"Ludwig Wittgenstein","Filosofia"
"Max Weber","Filosofia"
"Michel Foucault","Filosofia"
"Montesquieu","Filosofia"
"Niccolò Machiavelli","Filosofia"
"Paulo Freire","Filosofia"
"Peter Singer","Filosofia"
"Piotr Kropotkin","Filosofia"
"Plato","Filosofia"
"Pythagoras","Filosofia"
"René Descartes","Filosofia"
"Roger Scruton","Filosofia"
"Rosa Luxemburg","Filosofia"
"Sam Harris","Filosofia"
"Seneca","Filosofia"
"Simone Weil","Filosofia"
"Slavoj Žižek","Filosofia"
"Sócrates","Filosofia"
"Thales de Miletus","Filosofia"
"Theodor W. Adorno","Filosofia"
"Thomas Hobbes","Filosofia"
"Thomas More","Filosofia"
"Voltaire","Filosofia"
"William James","Filosofia"
"William of Ockham","Filosofia"
"Zygmunt Bauman","Filosofia"
"Abraham Lincoln","História"
"Alexander the Great","História"
"Amelia Earhart","História"
"Attila the Hun","História"
"Augusto Pinochet","História"
"Benito Mussolini","História"
"Boris Yeltsin","História"
"Che Guevara","História"
"Christopher Columbus","História"
"Cicero","História"
"Cleópatra","História"
"Constantino I","História"
"Ernesto “Che” Guevara","História"
"Eva Perón","História"
"Fidel Castro","História"
"Francisco Franco","História"
"Franklin Roosevelt","História"
"Genghis Khan","História"
"Getúlio Vargas","História"
"Giuseppe Garibaldi","História"
"Grigori Rasputin","História"
"Hannibal","História"
"Henry Kissinger","História"
"Hồ Chí Minh","História"
"Hugo Chávez","História"
"Irineu Evangelista De Souza (Barão De Mauá)","História"
"Ivan the Terrible","História"
"Joan of Arc","História"
"Joseph Stalin","História"
"Julius Caesar","História"
"Juscelino ""JK"" Kubitschek","História"
"Justiniano I","História"
"Kim Il-Sung","História"
"Louis XIV of France","História"
"Malcolm X","História"
"Marco Polo","História"
"Marcus Aurelius","História"
"Margaret Thatcher","História"
"Marquis de Lafayette","História"
"Martin Luther King Jr.","História"
"Martin Luther King Jr.","História"
"Maximilien Robespierre","História"
"Mohandas “Mahatma” Gandhi","História"
"Napoleão Bonaparte","História"
"Nelson Mandela","História"
"Nero","História"
"Nostradamus","História"
"Otto von Bismarck","História"
"Pedro I of Brazil","História"
"Pedro II of Brazil","História"
"Poncio Pilatos","História"
"Rainha Elizabeth","História"
"Robert F. Kennedy","História"
"Rosa Parks","História"
"Saddam Hussein","História"
"Salvador Allende","História"
"Shaka Zulu","História"
"Simón Bolívar","História"
"Sun Tzu","História"
"Tutankhamun","História"
"Vladimir Lenin","História"
"Winston Churchill","História"
"Xerxes I the Great","História"
"Agent 47 (Hitman)","Jogos"
"Blanka (Street Fighter)","Jogos"
"Bowser (Mario)","Jogos"
"Chun-Li (Street Fighter)","Jogos"
"Cloud (Final Fantasy)","Jogos"
"Crash Bandicoot","Jogos"
"Dog (Duck Hunt)","Jogos"
"Donkey Kong","Jogos"
"Duke Nukem","Jogos"
"Earthworm Jim","Jogos"
"Ellie (The Last of Us)","Jogos"
"Ezio da Firenze (Assassin’s Creed)","Jogos"
"Fox (Star Fox)","Jogos"
"Geralt of Rivia (The Witcher)","Jogos"
"Glados (Portal)","Jogos"
"Gordon Freeman (Half-Life)","Jogos"
"Kirby","Jogos"
"Kratos (God of War)","Jogos"
"Lara Croft (Tomb Raider)","Jogos"
"Leon (Resident Evil)","Jogos"
"Link (Zelda)","Jogos"
"Mario","Jogos"
"Mega Man","Jogos"
"Nathan Drake (Uncharted)","Jogos"
"Pac-Man","Jogos"
"Peach (Mario)","Jogos"
"Pikachu (Pokémon)","Jogos"
"Rayman (Rayman)","Jogos"
"Ryu (Street Fighter)","Jogos"
"Samus Aran (Metroid Prime)","Jogos"
"Scorpion (Mortal Kombat)","Jogos"
"Solid Snake (Metal Gear)","Jogos"
"Sonic the Hedgehog","Jogos"
"Spyro (Spyro)","Jogos"
"Steve (Minecraft)","Jogos"
"Sub-Zero (Mortal Kombat)","Jogos"
"Trevor Philips (Grand Theft Auto)","Jogos"
"Wario (Mario)","Jogos"
"Yoshi (Mario)","Jogos"
"“Weird Al” Yankovic","Música (Internacional)"
"50 Cent","Música (Internacional)"
"A$AP Rocky","Música (Internacional)"
"Adele","Música (Internacional)"
"Alicia Keys","Música (Internacional)"
"Amy Lee","Música (Internacional)"
"Amy Winehouse","Música (Internacional)"
"Ariana Grande","Música (Internacional)"
"Ashnikko","Música (Internacional)"
"Avril Lavigne","Música (Internacional)"
"Axl Rose","Música (Internacional)"
"B.B. King","Música (Internacional)"
"Beyoncé","Música (Internacional)"
"Billie Eilish","Música (Internacional)"
"Billie Joe Armstrong","Música (Internacional)"
"Billy Joel","Música (Internacional)"
"Björk","Música (Internacional)"
"Bob Dylan","Música (Internacional)"
"Bob Marley","Música (Internacional)"
"Bono","Música (Internacional)"
"Brian May","Música (Internacional)"
"Brian Wilson","Música (Internacional)"
"Britney Spears","Música (Internacional)"
"Bruce Springsteen","Música (Internacional)"
"Bruno Mars","Música (Internacional)"
"Camila Cabello","Música (Internacional)"
"Cardi B","Música (Internacional)"
"Carlos Santana","Música (Internacional)"
"Celine Dion","Música (Internacional)"
"Cher","Música (Internacional)"
"Chris Martin","Música (Internacional)"
"Chuck Berry","Música (Internacional)"
"Courtney Love","Música (Internacional)"
"Dave Grohl","Música (Internacional)"
"David Bowie","Música (Internacional)"
"Demi Lovato","Música (Internacional)"
"Doja Cat","Música (Internacional)"
"Dolly Parton","Música (Internacional)"
"Drake","Música (Internacional)"
"Dua Lipa","Música (Internacional)"
"Ed Sheeran","Música (Internacional)"
"Eddie Vedder","Música (Internacional)"
"Elvis Presley","Música (Internacional)"
"Eminem","Música (Internacional)"
"Eric Clapton","Música (Internacional)"
"Florence Welch","Música (Internacional)"
"Frank Sinatra","Música (Internacional)"
"Frank Zappa","Música (Internacional)"
"Freddie Mercury","Música (Internacional)"
"Frédéric Chopin","Música (Internacional)"
"George Harrison","Música (Internacional)"
"Gwen Stefani","Música (Internacional)"
"Halsey","Música (Internacional)"
"Hans Zimmer","Música (Internacional)"
"Harry Styles","Música (Internacional)"
"Hayley Williams","Música (Internacional)"
"James Hetfield","Música (Internacional)"
"Jay-Z","Música (Internacional)"
"Jimi Hendrix","Música (Internacional)"
"Jimmy Page","Música (Internacional)"
"Joey Ramone","Música (Internacional)"
"Johann Sebastian Bach","Música (Internacional)"
"John Bonham","Música (Internacional)"
"John Lennon","Música (Internacional)"
"Johnny Cash","Música (Internacional)"
"Jon Bon Jovi","Música (Internacional)"
"Juice Wrld","Música (Internacional)"
"Julian Casablancas","Música (Internacional)"
"Justin Bieber","Música (Internacional)"
"Justin Timberlake","Música (Internacional)"
"Kanye West","Música (Internacional)"
"Katy Perry","Música (Internacional)"
"Keith Richards","Música (Internacional)"
"Kelly Clarkson","Música (Internacional)"
"Kendrick Lamar","Música (Internacional)"
"Kesha","Música (Internacional)"
"Kurt Cobain","Música (Internacional)"
"Lady Gaga","Música (Internacional)"
"Lana Del Rey","Música (Internacional)"
"Lil Nas X","Música (Internacional)"
"Lizzo","Música (Internacional)"
"Ludwig van Beethoven","Música (Internacional)"
"Machine Gun Kelly","Música (Internacional)"
"Madonna","Música (Internacional)"
"Mariah Carey","Música (Internacional)"
"Marilyn Manson","Música (Internacional)"
"Marilyn Monroe","Música (Internacional)"
"Megan Thee Stallion","Música (Internacional)"
"Michael Jackson","Música (Internacional)"
"Mick Jagger","Música (Internacional)"
"Miley Cyrus","Música (Internacional)"
"Missy Elliott","Música (Internacional)"
"Mozart","Música (Internacional)"
"Nicki Minaj","Música (Internacional)"
"Paul McCartney","Música (Internacional)"
"Pete Townshend","Música (Internacional)"
"Phil Collins","Música (Internacional)"
"Prince","Música (Internacional)"
"Psy","Música (Internacional)"
"Pyotr Ilyich Tchaikovsky","Música (Internacional)"
"Quincy Jones","Música (Internacional)"
"Ray Charles","Música (Internacional)"
"Rihanna","Música (Internacional)"
"Roger Waters","Música (Internacional)"
"Selena Gomez","Música (Internacional)"
"Serj Tankian","Música (Internacional)"
"Shakira","Música (Internacional)"
"Shawn Mendes","Música (Internacional)"
"Sia","Música (Internacional)"
"Sister Rosetta Tharpe","Música (Internacional)"
"Slash","Música (Internacional)"
"Snoop Dogg","Música (Internacional)"
"Stevie Nicks","Música (Internacional)"
"Stevie Wonder","Música (Internacional)"
"Sting","Música (Internacional)"
"Taylor Swift","Música (Internacional)"
"The Weeknd","Música (Internacional)"
"Thom Yorke","Música (Internacional)"
"Timbaland","Música (Internacional)"
"Tupac Shakur","Música (Internacional)"
"Whitney Houston","Música (Internacional)"
"Yoko Ono","Música (Internacional)"
"Bill Gates","Negócios"
"Bob Iger","Negócios"
"Eduardo Saverin","Negócios"
"Elizabeth Holmes","Negócios"
"Elon Musk","Negócios"
"Florentino Pérez","Negócios"
"George Soros","Negócios"
"Henry Ford","Negócios"
"Hugh Hefner","Negócios"
"Jeff Bezos","Negócios"
"Jimmy Wales","Negócios"
"Joan Laporta","Negócios"
"Larry Page","Negócios"
"Mark Cuban","Negócios"
"Mark Zuckerberg","Negócios"
"Peter Thiel","Negócios"
"Roman Abramovich","Negócios"
"Sam Altman","Negócios"
"Steve Jobs","Negócios"
"Tim Berners-Lee","Negócios"
"Warren Buffett","Negócios"
"Al Gore","Política (Internacional)"
"Alexandria Ocasio-Cortez","Política (Internacional)"
"Andrés Manuel López Obrador","Política (Internacional)"
"Angela Davis","Política (Internacional)"
"Angela Merkel","Política (Internacional)"
"Barack Obama","Política (Internacional)"
"Benjamin Netanyahu","Política (Internacional)"
"Bernie Sanders","Política (Internacional)"
"Bill Clinton","Política (Internacional)"
"Candace Owens","Política (Internacional)"
"Cristina Fernández de Kirchner","Política (Internacional)"
"Dick Cheney","Política (Internacional)"
"Donald Trump","Política (Internacional)"
"Dwight D. Eisenhower","Política (Internacional)"
"Edward Snowden","Política (Internacional)"
"Emmanuel Macron","Política (Internacional)"
"Franklin D. Roosevelt","Política (Internacional)"
"Gabriel Boric","Política (Internacional)"
"George W. Bush","Política (Internacional)"
"George Washington","Política (Internacional)"
"Greta Thunberg","Política (Internacional)"
"Hillary Clinton","Política (Internacional)"
"Jacinda Ardern","Política (Internacional)"
"Jimmy Carter","Política (Internacional)"
"Joe Biden","Política (Internacional)"
"Joe Rogan","Política (Internacional)"
"Julian Assange","Política (Internacional)"
"Justin Trudeau","Política (Internacional)"
"Kamala Harris","Política (Internacional)"
"Kim Jong-il","Política (Internacional)"
"Kim Jong-un","Política (Internacional)"
"Michelle Obama","Política (Internacional)"
"Mike Pence","Política (Internacional)"
"Mohammed bin Salman (MBS)","Política (Internacional)"
"Nicolás Maduro","Política (Internacional)"
"Recep Tayyip Erdoğan","Política (Internacional)"
"Richard Nixon","Política (Internacional)"
"Ronald Reagan","Política (Internacional)"
"Silvio Berlusconi","Política (Internacional)"
"Steve Bannon","Política (Internacional)"
"Theodore Roosevelt","Política (Internacional)"
"Thomas Jefferson","Política (Internacional)"
"Tony Blair","Política (Internacional)"
"Viktor Orbán","Política (Internacional)"
"Vladimir Putin","Política (Internacional)"
"Volodymyr Zelenskyy","Política (Internacional)"
"Ciro Gomes","Política (Nacional)"
"Dilma Rousseff","Política (Nacional)"
"Fernando Haddad","Política (Nacional)"
"Guilherme Boulos","Política (Nacional)"
"Luis Inácio Lula da Silva","Política (Nacional)"
"Manuela D'Ávila","Política (Nacional)"
"Marina Silva","Política (Nacional)"
"Sérgio Moro","Política (Nacional)"
"Alfred Pennyworth (The Dark Knight)","Super Heróis"
"Ant-Man (Marvel)","Super Heróis"
"Batman (DC)","Super Heróis"
"Black Widow (Marvel)","Super Heróis"
"Captain America (Marvel)","Super Heróis"
"Charles Xavier (X-Men)","Super Heróis"
"Cyclops (X-Men)","Super Heróis"
"Demolidor","Super Heróis"
"Doctor Octopus (Spider-Man)","Super Heróis"
"Frank Castle/Punisher (Marvel)","Super Heróis"
"Groot (Marvel)","Super Heróis"
"Harley Quinn (DC)","Super Heróis"
"Hawkeye (Marvel)","Super Heróis"
"Hulk (Marvel)","Super Heróis"
"Iron Man/Tony Stark (Marvel)","Super Heróis"
"Jean Grey (X-Men)","Super Heróis"
"Joker/Heath Ledger (The Dark Knight)","Super Heróis"
"Joker/Joaquin Phoenix (The Dark Knight)","Super Heróis"
"King T’Challa/Black Panther (Marvel)","Super Heróis"
"Lex Luthor (DC)","Super Heróis"
"Logan/Wolverine (X-Men)","Super Heróis"
"Loki (Marvel)","Super Heróis"
"Magneto (X-Men)","Super Heróis"
"Matt Murdock/Daredevil (Marvel)","Super Heróis"
"Mystique (X-Men)","Super Heróis"
"Peter Parker/Spider-Man (Marvel)","Super Heróis"
"Peter Quill/Star-Lord (Marvel)","Super Heróis"
"Raven (Teen Titans)","Super Heróis"
"Robin (Teen Titans)","Super Heróis"
"Rocket Raccoon (Marvel)","Super Heróis"
"Spider-Man/Miles Morales (Marvel)","Super Heróis"
"Superman (DC)","Super Heróis"
"Thanos (Marvel)","Super Heróis"
"The Flash (DC)","Super Heróis"
"Thor (Marvel)","Super Heróis"
"Wade Wilson/Deadpool (Marvel)","Super Heróis"
"Wanda Maximoff/Scarlet Witch (Marvel)","Super Heróis"
"Wonder Woman (DC)","Super Heróis"
"Beatriz ""Bia"" Falcão (Fernanda Montenegro/Belíssima)","TV Brasileira"
"Bruno Berdinazzi Mezenga (Antônio Fagundes/Rei do Gado)","TV Brasileira"
"Cândido da Silva (Candinho) (Sérgio Guizé/Êta Mundo Bom!)","TV Brasileira"
"Carmen ""Carminha"" Lúcia (Adriana Esteves/Avenida Brasil)","TV Brasileira"
"Chapolim Colorado (Chapolim)","TV Brasileira"
"Chaves (Chaves)","TV Brasileira"
"Chayene (Jociléia Imbuzeiro) (Cláudia Abreu/Cheias de Charme)","TV Brasileira"
"Dino (Família Dinossauro)","TV Brasileira"
"Dom Pedro II, Imperador do Brasil (Selton Mello/Nos Tempos do Imperador)","TV Brasileira"
"Donatela da Silva Duarte Fontini (Cláudia Raia/A Favorita)","TV Brasileira"
"Eduardo ""Dódi"" Gentil (Murilo Benício/A Favorita)","TV Brasileira"
"Eliza de Assis Monteiro (Marina Ruy/Totalmente Demais)","TV Brasileira"
"Esteban/Pescador Parrudo (Marcos Pasquim/Kubanacan)","TV Brasileira"
"Fabiana Duarte Feitosa (Bibi Perigosa) (Juliana Paes/A Força do Querer)","TV Brasileira"
"Félix Khoury (Mateus Solano/Amor à Vida)","TV Brasileira"
"Flora Pereira da Silva (Patricia Pillar/A Favorita)","TV Brasileira"
"Francisbel ""Bebel"" dos Santos (Camila Pitanga/Paraíso Tropical)","TV Brasileira"
"Giovanni Improtta (José Wilker/Senhora do Destino)","TV Brasileira"
"Griselda da Silva Pereira (Lília Cabral/Fina Estampa)","TV Brasileira"
"Helena (Christiane Torloni/Mulheres Apaixonadas)","TV Brasileira"
"Jade El Adib Rachid (Giovanna Antonelli/O Clone)","TV Brasileira"
"Jonatas Castro (Felipe Simas/Totalmente Demais)","TV Brasileira"
"Jorge “Tufão” Araújo (Murilo Benício/Avenida Brasil)","TV Brasileira"
"José Alfredo de Medeiros (Alexandre Nero/Império)","TV Brasileira"
"Juvenal Antena (Antônio Fagundes/Duas Caras)","TV Brasileira"
"Laura Prudente da Costa (Cláudia Abreu/Celebridade)","TV Brasileira"
"Leopoldina de Habsburgo-Lorena (Letícia Colin/Novo Mundo)","TV Brasileira"
"Lineu (A Grande Família)","TV Brasileira"
"Maria da Paz Sobral Ramirez (Juliana Paes/A Dona do Pedaço)","TV Brasileira"
"Maria do Carmo Ferreira da Silva (Susana Vieira/Senhora do Destino)","TV Brasileira"
"Maxwell “Max” Oliveira (Marcello Novaes/Avenida Brasil)","TV Brasileira"
"Nazaré Esteves Tedesco (Naza) / Lourdes (Renata Sorrah/Senhora do Destino)","TV Brasileira"
"Niko Petrakis (Tony Ramos/Belíssima)","TV Brasileira"
"Nina García Hernández (Débora Falabella/Avenida Brasil)","TV Brasileira"
"Nino (Castelo Rátimbum)","TV Brasileira"
"Olavo Novaes (Wagner Moura/Paraíso Tropical)","TV Brasileira"
"Po (Teletubies)","TV Brasileira"
"Priscila (TV Colosso)","TV Brasileira"
"Professor Raimundo (Escolinha do Professor Raimundo)","TV Brasileira"
"Raj Ananda (Rodrigo Lombardi/Caminho das Índias)","TV Brasileira"
"Serena Anauê Souza Dias (Priscila Fantin/Alma Gêmea)","TV Brasileira"
"Seu Madruga (Chaves)","TV Brasileira"
"Sol de Oliveira (Deborah Secco/América)","TV Brasileira"
"Tereza Cristina Siqueira (Christiane Torloni/Fina Estampa)","TV Brasileira"
"Tommy (Green/White Power Ranger)","TV Brasileira"
"Barney Stinson (How I Met Your Mother)","TV Internacional"
"Blair Waldorf (Gossip Girl)","TV Internacional"
"Carly Shay (iCarly)","TV Internacional"
"Chandler Bing (Friends)","TV Internacional"
"Daenerys Targaryen (Game of Thrones)","TV Internacional"
"Daryl Dixon (The Walking Dead)","TV Internacional"
"Dexter Morgan (Dexter)","TV Internacional"
"Don Draper (Mad Men)","TV Internacional"
"Dr. Gregory House (House M.D.)","TV Internacional"
"Dwight Schrute (The Office)","TV Internacional"
"Elizabeth ""Beth"" Harmon (The Queen’s Gambit)","TV Internacional"
"Fleabag (Fleabag)","TV Internacional"
"George Constanza (Seinfeld)","TV Internacional"
"Geralt of Rivia (The Witcher)","TV Internacional"
"Gordon Ramsay","TV Internacional"
"Gustavo Fring (Breaking Bad)","TV Internacional"
"Hannibal Lecter (Hannibal)","TV Internacional"
"Homelander (The Boys)","TV Internacional"
"Jack Bauer (24)","TV Internacional"
"Jake Peralta (Brooklyn Nine-Nine)","TV Internacional"
"Jay Pritchett (Modern Family)","TV Internacional"
"Jeff Winger (Community)","TV Internacional"
"Jerry Seinfeld (Seinfeld)","TV Internacional"
"Jess Day (New Girl)","TV Internacional"
"Jim Halpert (The Office)","TV Internacional"
"Jim Hopper (Stranger Things)","TV Internacional"
"Joe Goldberg (You)","TV Internacional"
"Joey Tribbiani (Friends)","TV Internacional"
"Jon Snow (Game of Thrones)","TV Internacional"
"Kramer (Seinfeld)","TV Internacional"
"Leslie Knope (Parks and Recreation)","TV Internacional"
"Lorelai Gilmore (Gilmore Girls)","TV Internacional"
"Max Mayfield (Stranger Things)","TV Internacional"
"Mike Wheeler (Stranger Things)","TV Internacional"
"Ned Stark (Game of Thrones)","TV Internacional"
"Phil Dunphy (Modern Family)","TV Internacional"
"Professor (La Casa de Papel)","TV Internacional"
"Ron Swanson (Parks and Recreation)","TV Internacional"
"Saul Goodman (Breaking Bad)","TV Internacional"
"Sheldon Cooper (The Big Bang Theory)","TV Internacional"
"Spencer Reid (Criminal Minds)","TV Internacional"
"Steve Harrington (Stranger Things)","TV Internacional"
"Ted Mosby (How I Met Your Mother)","TV Internacional"
"Walter White (Breaking Bad)","TV Internacional"
"Wednesday Addams (Wednesday)","TV Internacional"
